platform,name,genres,moods
youtube,Sertanejo 2025 ‚ô´ TOP 100 M√∫sicas Sertanejas Mais Tocadas (Melhores Sertanejos),"Latin, Country, Electronic","Affectueux, D√©sir, R√™veur"
youtube,Billboard Top 50 This Week 2025 & Top Billboard Hot 100 Songs 2025 Hits Playlist,"Pop, Hip-Hop/Rap, R&B/Soul","D√©chir√©, √âmotionnel, F√™te"
youtube,Popular Music Videos,"Hip-Hop/Rap, Pop, Latin","D√©chir√©, √ânergique, Urbain"
youtube,Pop Music Playlist - Timeless Pop Songs (Updated Weekly 2025),"Pop, R&B/Soul, Alternative","D√©chir√©, Affectueux, Dansant"
youtube,Best Music 2025 ‚ô´ Latest Top Songs 2025 (New Hits Playlist),"Pop, Alternative, Hip-Hop/Rap","D√©chir√©, √âmotionnel, Amour De Soi"
youtube,UK Top 40 Songs This Week 2025 (Top Charts Music),"Pop, Alternative, Electronic","D√©chir√©, En Col√®re, Amour De Soi"
youtube,Top 100 Songs South Korea,"Pop, K-Pop, Hip-Hop/Rap","Affectueux, D√©chir√©, Dansant"
youtube,Top 100 Music Videos Global,"Pop, Latin, Hip-Hop/Rap","D√©chir√©, √ânergique, F√™te"
youtube,New Songs 2025 - Best Music Releases This Month (Latest English Songs 2025),"Pop, Alternative, Hip-Hop/Rap","D√©chir√©, √âmotionnel, Dansant"
youtube,"As Melhores Musicas 2025 ‚ô´ Sertanejo, Pop Funk etc. (Playlist Musicas Mais Tocadas 2025)","Latin, Country, Pop","Affectueux, Romantique, F√™te"
youtube,Top Hits of the 2000's,"Pop, Rock, R&B/Soul","D√©chir√©, √âmotionnel, Dansant"
youtube,Top 100 Music Videos Japan,"J-Pop, Rock, Pop","√ânergique, Enjou√©, Amour De Soi"
youtube,Top Sertanejo Universit√°rio 2025 ‚ô´ Mix Sertanejo 2025 Playlist,"Latin, Country, Pop","Affectueux, D√©sir, Dansant"
youtube,Top 100 Songs Japan,"J-Pop, Rock, Pop","√ânergique, Affectueux, Dansant"
youtube,Top 100 Music Videos Brazil,"Latin, Latin Hip-Hop/Rap, Pop","Festif, √ânergique, Urbain"
youtube,80s Music Hits | Best 80s Music Playlist,"Pop, Rock, R&B/Soul","Festif, Amusant, Dansant"
youtube,TOP 100 Songs of 2025 - Best Hit Music Playlist 2025,"Pop, Hip-Hop/Rap, Alternative","D√©chir√©, √âmotionnel, Dansant"
youtube,TOP 100-MUSICAS SERTANEJAS ( MAIS TOCADAS ) DE | 2023 - 2024,"Latin, Pop, Latin Hip-Hop/Rap","Affectueux, Romantique, Dansant"
youtube,Top 100 Music Videos Turkey,"Pop, Hip-Hop/Rap, Rock","√âmotionnel, D√©chir√©, Dansant"
youtube,Latest Bollywood Songs 2025 - Hindi Songs 2025 - Bollywood Songs,"Bollywood, Indian, Soundtracks","Romantique, Affectueux, F√™te"
youtube,Country Music Playlist 2025 ‚ô´ Top Country Hits 2025,"Country, Singer/Songwriter, Pop","D√©chir√©, Affectueux, Rural"
youtube,Forr√≥ e Piseiro 2025 üç∫ Atualizado | Forr√≥ Pendrive Atualizado 2025,"Latin, Pop, Latin Pop","Affectueux, Romantique, Dansant"
youtube,‡∏°‡∏¥‡∏ß‡∏™‡∏¥‡∏Ñ‡∏ß‡∏µ‡∏î‡∏µ‡πÇ‡∏≠ ‡πÄ‡∏û‡∏•‡∏á‡πÉ‡∏´‡∏°‡πà‡∏•‡πà‡∏≤‡∏™‡∏∏‡∏î2025 ‚ô´ ‡πÄ‡∏û‡∏•‡∏á‡πÉ‡∏´‡∏°‡πà 2025,"Pop, Rock, Alternative","D√©chir√©, √âmotionnel, Dansant"
youtube,KPOP 2025 - K-POP Songs 2025 - KPop Playlist,"K-Pop, Pop, Dance","√ânergique, Autonomisant, Dansant"
youtube,Best Country Songs of All Time - Top Country Music Videos,"Country, Pop, Rock","D√©chir√©, Affectueux, Rural"
youtube,Top 100 Songs Global,"Pop, R&B/Soul, Latin","Affectueux, √ânergique, F√™te"
youtube,Sertanejo 2025 - TOP 100 Musicas Sertanejas Mais Tocadas - Tend√™ncias Sertanejo 2025,"Latin, Latin Hip-Hop/Rap, Pop","D√©chir√©, Affectueux, R√™veur"
youtube,Rap 2025 - New Rap Songs - Rap Music Playlist - Hip Hop 2025,"Hip-Hop/Rap, Latin Hip-Hop/Rap, Pop","Agressif, Autonomisant, Urbain"
youtube,Top 100 Music Videos Mexico,"Latin, Latin Pop, Pop","D√©chir√©, M√©lancolique, Urbain"
youtube,Today's Hits 2025 - Playlist Top Hits 2025,"Pop, Alternative, Hip-Hop/Rap","D√©chir√©, √âmotionnel, Dansant"
youtube,Top 100 Music Videos Russia,"Pop, Dance, Hip-Hop/Rap","√âmotionnel, Affectueux, Lien"
youtube,Michael Bubl√© - Christmas (Deluxe) [Official Full Album] [HD],"Holiday, Pop, Jazz","Festif, Touchant, Rassur√©"
youtube,Top 40 Christian Songs,"Christian, Hip-Hop/Rap, Pop","Plein D'Espoir, Inspirant, Culte"
youtube,NCS : The Best Of House üü°,"Electronic, Dance, House","√ânergique, Plein D'Espoir, Dansant"
youtube,100 Greatest R&B Songs of the '90s + 100 R&B Ballads,"R&B/Soul, Pop, Hip-Hop/Rap","Affectueux, Romantique, Amour De Soi"
youtube,Top 100 Music Videos India,"Indian, Soundtracks, Bollywood","Romantique, Affectueux, F√™te"
youtube,Alternative rock of the 2000s (2000-2009),"Alternative, Rock, Pop","M√©lancolique, D√©chir√©, R√©volution"
youtube,The Best Nursery Rhymes in English | LooLoo Kids,"Children's Music, Rock, Pop","Joyeux, Enfantin, Lien"
youtube,Ultimate Disney Playlist - Disney Songs 2025 - Music For Kids 2025,"Soundtracks, Pop, Children's Music","Affectueux, Touchant, Lien"
youtube,Late 90's/Early 00's Hip-Hop and R&B,"Hip-Hop/Rap, R&B/Soul, Pop","Festif, √ânergique, Urbain"
youtube,Best Pop Songs of All Time: Playlist of Good Songs (Throwback Hits & Pop Music 2025),"Pop, R&B/Soul, Dance","D√©chir√©, Affectueux, F√™te"
youtube,Most Viewed Songs On Youtube,"Pop, Hip-Hop/Rap, R&B/Soul","Festif, Amusant, F√™te"
youtube,Country Music Playlist 2025 ‚ô´ Top Country Songs of 2025 (Best Country Hits),"Country, Pop, Singer/Songwriter","D√©chir√©, D√©sir, Conduite"
youtube,Top 100 Music Videos Argentina,"Latin, Pop, Latin Pop","D√©chir√©, √ânergique, Urbain"
youtube,SAD SONGS 2025 - Sad Love Songs Playlist,"Pop, Alternative, R&B/Soul","D√©chir√©, M√©lancolique, Amour De Soi"
deezer,Les titres du moment,"Pop, Hip-Hop/Rap, Electronic","√âmotionnel, D√©chir√©, Dansant"
deezer,Las favoritas del editor,"Latin, Latin Hip-Hop/Rap, Latin Pop","Romantique, √ânergique, Urbain"
deezer,Brand New UK,"Alternative, Dance, Pop","Assur√©, Sans Excuse, Dansant"
deezer,Hits von heute,"Pop, Hip-Hop/Rap, Dance","√âmotionnel, Affectueux, Urbain"
deezer,Orange Select,"Hip-Hop/Rap, Alternative, Pop","√âmotionnel, D√©chir√©, F√™te"
deezer,Explos√£o Brasil,"Latin, Pop, Latin Hip-Hop/Rap","Festif, D√©chir√©, Dansant"
deezer,Radar Editorial,"Latin, Latin Pop, Latin Hip-Hop/Rap","D√©chir√©, Affectueux, Urbain"
deezer,Hits del momento,"Pop, Hip-Hop/Rap, Latin Pop","Festif, √âmotionnel, Urbain"
deezer,Novedades Argentina,"Latin, Pop, Hip-Hop/Rap","Affectueux, Festif, Urbain"
deezer,Vem pro Sertanejo,"Latin, Latin Hip-Hop/Rap, Pop","D√©chir√©, Romantique, Lien"
deezer,Funkad√£o,"R&B/Soul, Funk, Hip-Hop/Rap","√ânergique, Amusant, F√™te"
deezer,#hitou,"Latin, Latin Hip-Hop/Rap, Pop","D√©chir√©, Romantique, Dansant"
deezer,Rap Bangers,"Hip-Hop/Rap, R&B/Soul","Agressif, √ânergique, Urbain"
deezer,Top 50 Sertanejo,"Latin, Pop, Country","D√©chir√©, √âmotionnel, Lien"
deezer,Selecci√≥n Editorial,"Pop, Alternative, Rock","√âmotionnel, M√©lancolique, Dansant"
deezer,Hip Hop Hits,"Hip-Hop/Rap, R&B/Soul, Pop","Agressif, √ânergique, Urbain"
deezer,Pagodel√≠cia,"Latin, Pop, Latin Pop","Festif, Affectueux, Dansant"
deezer,Sertanejo Apaixonado,"Latin, Latin Hip-Hop/Rap, Sertanejo","D√©chir√©, Romantique, Lien"
deezer,Deezer Hits,"Pop, Hip-Hop/Rap, Electronic","√âmotionnel, Affectueux, Dansant"
deezer,Top Hits Internacionais,"Pop, Alternative, R&B/Soul","D√©chir√©, Autonomisant, Dansant"
deezer,Festa Sertaneja,"Latin, Latin Hip-Hop/Rap, Sertanejo","D√©chir√©, Festif, Rural"
deezer,De Grootste Hits van 2020,"Pop, Hip-Hop/Rap, Electronic","Autonomisant, Amusant, Dansant"
deezer,Fuego Latino,"Latin, Latin Pop, Latin Hip-Hop/Rap","Affectueux, D√©chir√©, Urbain"
deezer,Hot Pop,"Pop, Alternative, Country","√âmotionnel, D√©chir√©, Dansant"
deezer,Lan√ßamentos da Semana,"Pop, Hip-Hop/Rap, R&B/Soul","Confiant, Assur√©, Amour De Soi"
deezer,Top 50 Gospel,"Christian, Gospel, Latin","Spirituel, D√©vou√©, Culte"
deezer,Rapstars,"Hip-Hop/Rap, Singer/Songwriter","Amusant, Festif, Urbain"
deezer,Selectia Deezer,"Pop, Hip-Hop/Rap, Dance","D√©chir√©, Affectueux, Dansant"
deezer,Reggaeton Classics,"Latin, Latin Pop, Latin Hip-Hop/Rap","√ânergique, Festif, Urbain"
deezer,Party Hits,"Electronic, Dance, Pop","Amusant, √ânergique, Dansant"
deezer,Pop All Stars,"Pop, Alternative, Country","D√©chir√©, √âmotionnel, Amour De Soi"
deezer,Estouradas do Forr√≥,"Latin, Latin Pop, Pop","Festif, Amusant, Dansant"
deezer,Super Hits,"Pop, Hip-Hop/Rap, Dance","D√©chir√©, √âmotionnel, Dansant"
deezer,Top Hits Gospel,"Christian, Gospel, Pop","Spirituel, D√©vou√©, Culte"
deezer,New Music Egypt & Lebanon,"Pop, Hip-Hop/Rap, Alternative","Festif, √ânergique, Urbain"
deezer,Top Hits 2019,"Pop, Latin Pop, Hip-Hop/Rap","D√©chir√©, Amusant, F√™te"
deezer,Top Hits Maghreb,"Hip-Hop/Rap, Pop, African Hip-Hop/Rap","Affectueux, √âmotionnel, Dansant"
deezer,Actu Rap,"Hip-Hop/Rap, R&B/Soul, Jazz","Calme, R√©confortant, Rassur√©"
deezer,Hits of the Moment SA,"Pop, Hip-Hop/Rap, R&B/Soul","D√©chir√©, Romantique, Dansant"
deezer,Chill relax,"Electronic, Easy Listening, Dance","√âmotionnel, Connectant, Lien"
soundcloud,Chance The Rapper - Acid Rap,,"Hymne, Amusant, Urbain"
soundcloud,Days Before Rodeo,LAFLAME,"√ânergique, Festif, Urbain"
soundcloud,Sunday music and hot coffee..,Acoustic,"D√©sir, D√©chir√©, Lien"
soundcloud,Best Rap Right Now: Drippin',Hip-hop & Rap,"Agressif, Confiant, Urbain"
soundcloud,Acid Jazz,lofi-jazzflow,"Calme, D√©contract√©, Rassur√©"
soundcloud,Coloring Book,Hip-hop & Rap,"Festif, Autonomisant, Urbain"
soundcloud,Midnight Lofi,Lo-fi,"D√©chir√©, M√©lancolique, Lo-Fi"
soundcloud,HELLBOY,,"D√©chir√©, M√©lancolique, Urbain"
soundcloud,JK,,
soundcloud,RM - Rap Monster,"RM,",
soundcloud,A GHETTO CHRISTMAS CAROL! EP (Prod. XXX & RONNY J!),Punk Christmas,
soundcloud,crybaby,,"M√©lancolique, D√©chir√©, Urbain"
soundcloud,Skins,Pop,"√âmotionnel, D√©chir√©, Boisson"
soundcloud,COME OVER WHEN YOU'RE SOBER (PART ONE),Alternative Rock,
soundcloud,Chillax Mood,Chillout,"√âmotionnel, Affectueux, Lien"
soundcloud,Christmas,,
soundcloud,Savage Mode | 21 Savage & Metro Boomin,Hip Hop,"Agressif, D√©fiant, Urbain"
soundcloud,Chixtape 4,Hip Hop,
soundcloud,Hip Hop Supreme,,"Agressif, Festif, Urbain"
soundcloud,RM,,
soundcloud,Jazz hip 4,Jazz & Blues,
soundcloud,"Workout, Gym & Running Motivation 2025: Best EDM & Progressive House",Workout,"√ânergique, Amusant, F√™te"
soundcloud,Fresh Music Friday,,"Hymne, √ânergique, Dansant"
soundcloud,August 26,Hip-hop & Rap,
soundcloud,Ambient piano,slow piano,
soundcloud,Beach House Session #169 | Tropical & Chill (Follow our channel and access 240+ playlists!),Tropical,"√ânergique, √ânergisant, √ât√©"
soundcloud,Best Of MrRevillz,,"√ânergique, Amusant, Dansant"
soundcloud,Restaurant Lounge | Coffee House Chill | Dinner Vibes,Deep House,"M√©lancolique, √âmotionnel, Dansant"
soundcloud,Jazz hip,,
soundcloud,Best Of Trap Nation,Trap,"√ânergique, √âmotionnel, Dansant"
soundcloud,Lil Big Pac [Official Mixtape],Hip-hop & Rap,"Agressif, Pensif, Urbain"
soundcloud,"XXXTENTACION Presents: Members Only, Vol. 4",,"Agressif, √ânergisant, Urbain"
soundcloud,The Social Experiment or SoX,Hip Hop,"Enjou√©, √ânergique, F√™te"
soundcloud,Hip-Hop Party Starters: Turn Up,Hip-hop & Rap,"Agressif, √ânergique, Urbain"
soundcloud,Lil Boat The Mixtape,,"√ânergique, Amusant, F√™te"
soundcloud,Sunday laziness and sunset views,,"D√©sir, M√©lancolique, Lien"
soundcloud,Gentle Dreams üõèÔ∏è - An Indie/Chill/Electronic Playlist,Electronic,
soundcloud,Love Hurts,,"D√©chir√©, Triste, Lien"
soundcloud,Tiktok Remixes,,"√ânergique, Enjou√©, F√™te"
soundcloud,Chill House Music Vibes | Lounge & Ibiza Deep House | Party Playlist 2025,chill,"Festif, Autonomisant, Amour De Soi"
soundcloud,Life of A Dark Rose,Hip-hop & Rap,"Adr√©naline, Aventureux, Boisson"
soundcloud,Logic - Under Pressure,,"Agressif, √âmotionnel, Urbain"
soundcloud,The Bigger Artist,Hip-hop & Rap,"Agressif, D√©termin√©, Urbain"
soundcloud,Fresh Pop Picks: Ear Candy,Pop,"D√©chir√©, √âmotionnel, Dansant"
soundcloud,Breeze,lo-fi,
amazon,Country Heat,,"D√©chir√©, D√©sir, Lien"
amazon,Mellow '70s Gold,,"M√©lancolique, D√©chir√©, R√™veur"
amazon,Relaxing Classical,,"Contemplatif, Calme, R√™veur"
amazon,Mellow '80s Gold,,"D√©chir√©, Romantique, R√™veur"
amazon,Classic Rock Hits,,"√ânergique, Hymne, Dansant"
amazon,Greatest Soft Rock Love Songs,,"Romantique, Affectueux, Lien"
amazon,All Hits,,"D√©chir√©, M√©lancolique, Urbain"
amazon,Pop Culture,,"D√©chir√©, √âmotionnel, Amour De Soi"
amazon,Acoustic Chill,,"D√©chir√©, M√©lancolique, Amour De Soi"
amazon,Heartstrings,,"Romantique, R√™veur, Rassur√©"
amazon,Yacht Rock Hits,,"Affectueux, Romantique, R√™veur"
amazon,REDISCOVER The '50s,,"Amusant, Calme, Dansant"
amazon,Mellow '90s Gold,,"D√©chir√©, √âmotionnel, R√™veur"
amazon,Relaxing Christian,,"Plein D'Espoir, Inspirant, Culte"
amazon,Rap Rotation,,"Agressif, Confiant, Urbain"
amazon,Iconic '80s Party,,"√ânergique, Festif, F√™te"
amazon,Sunday Morning Soul,,"Affectueux, Touchant, Amour De Soi"
amazon,Feel-Good Classic Rock,,"√ânergique, Amusant, F√™te"
amazon,Divine Sound,,"Inspirant, Plein D'Espoir, Culte"
amazon,Classic Hits,,"Hymne, D√©chir√©, R√™veur"
amazon,Relaxing Modern Country,,"Romantique, Affectueux, Amour De Soi"
amazon,Cool Jazz,,"Contemplatif, Calme, Concentration"
amazon,REDISCOVER THE ‚Äò90s: R&B,,"Affectueux, Romantique, Amour De Soi"
amazon,Classical Guitar,,"Contemplatif, Calme, Concentration"
amazon,Oldies Love Songs,,"Romantique, Affectueux, Rassur√©"
amazon,Platinum Pop,,"D√©chir√©, √âmotionnel, Amour De Soi"
amazon,Relaxing Smooth Jazz,,"Calme, D√©contract√©, Amour De Soi"
amazon,REDISCOVER The ‚Äô50s: Rock & Roll,,"Amusant, D√©chir√©, Dansant"
amazon,R&B Rotation,,"√âmotionnel, Affectueux, Amour De Soi"
amazon,Feel-Good Classic Hits,,"Enjou√©, Festif, Dansant"
amazon,'80s Rock Ballads,,"D√©chir√©, √âmotionnel, R√™veur"
amazon,Christian Hits,,"Plein D'Espoir, Autonomisant, Culte"
amazon,Mellow '70s Gold: Classic Rock,,"Affectueux, Romantique, R√™veur"
amazon,REDISCOVER The '90s: Grunge,,"En Col√®re, √âmotionnel, R√©volution"
amazon,REDISCOVER The '80s: Love Songs,,"Affectueux, Romantique, Lien"
amazon,REDISCOVER The R&B Slow Jam,,"Affectueux, Romantique, Lien"
amazon,Certified Country,,"D√©chir√©, Touchant, Rural"
amazon,REDISCOVER THE ‚Äò90s: Country,,"Touchant, Romantique, √ât√©"
amazon,REDISCOVER THE ‚Äò90s: Hip-Hop,,"Festif, Amusant, Urbain"
amazon,REDISCOVER The 2000s: Rock,,"En Col√®re, D√©chir√©, R√©volution"
amazon,Faith & Country,,"Spirituel, Contemplatif, Culte"
amazon,Acoustic Covers,,"D√©chir√©, D√©sir, Rassur√©"
amazon,Best of 2024: Country,,"D√©chir√©, D√©sir, Rural"
amazon,Rock Arena,,"Agressif, En Col√®re, Conduite"
spotify,Today‚Äôs Top Hits,"Pop, Hip-Hop/Rap, Alternative","D√©chir√©, Affectueux, F√™te"
spotify,RapCaviar,"Hip-Hop/Rap, R&B/Soul","Agressif, √ânergique, Urbain"
spotify,Viva Latino,"Latin, Pop, Latin Pop","Affectueux, D√©chir√©, Urbain"
spotify,All Out 2010s,"Pop, Hip-Hop/Rap, R&B/Soul","D√©chir√©, Affectueux, F√™te"
spotify,Rock Classics,"Rock, Pop, Alternative","Hymne, √âmotionnel, R√©volution"
spotify,All Out 2000s,"Pop, Hip-Hop/Rap, R&B/Soul","D√©chir√©, Amusant, Dansant"
spotify,All Out 80s,"Pop, Rock, R&B/Soul","Romantique, Festif, Dansant"
spotify,Songs to Sing in the Car,"Pop, R&B/Soul, Rock","Affectueux, Autonomisant, F√™te"
spotify,Beast Mode,"Hip-Hop/Rap, Dance, Electronic","√ânergique, Festif, Urbain"
spotify,Baila Reggaeton,"Latin, Latin Pop, House","√ânergique, Festif, Urbain"
spotify,MANSI√ìN REGGAET√ìN,"Latin, Latin Hip-Hop/Rap, Latin Pop","√ânergique, Festif, Urbain"
spotify,All Out 90s,"Pop, Rock, R&B/Soul","D√©chir√©, Romantique, Dansant"
spotify,Esquenta Sertanejo,"Latin, Latin Hip-Hop/Rap, Sertanejo","D√©chir√©, Sentimental, Lien"
spotify,Mood Booster,"Pop, Alternative, Country","Affectueux, D√©chir√©, F√™te"
spotify,Peaceful Piano,"Classical, New Age, Electronic","Contemplatif, Calme, R√™veur"
spotify,Hot Country,"Country, Pop, Alternative","D√©chir√©, D√©sir, Lien"
spotify,Songs to Sing in the Shower,"Pop, Rock, R&B/Soul","Amusant, D√©chir√©, Dansant"
spotify,Soft Pop Hits,"Pop, R&B/Soul, Rock","D√©chir√©, Affectueux, Amour De Soi"
spotify,"Lofi Fruits Music - lofi hip hop beats to study, relax & sleep to","Easy Listening, Pop, Hip-Hop/Rap","D√©contract√©, D√©tendu, Concentration"
spotify,Lofi Girl - beats to relax/study to,"Hip-Hop/Rap, Instrumental, Christian","M√©lancolique, D√©contract√©, Concentration"
spotify,Deep House 2025,"Dance, House, Electronic","√ânergique, Divertissant, Dansant"
spotify,Christmas Hits,"Holiday, Pop, Rock","Festif, Touchant, Rassur√©"
spotify,Top Gaming Tracks,"Hip-Hop/Rap, Pop, Electronic","√ânergique, Agressif, Urbain"
spotify,Get Turnt,"Hip-Hop/Rap, R&B/Soul, Electronic","Agressif, √ânergique, Urbain"
spotify,90s Rock Anthems,"Rock, Alternative, Pop","En Col√®re, M√©lancolique, R√©volution"
spotify,Funk Hits,"R&B/Soul, Funk, Latin","√ânergique, Amusant, F√™te"
spotify,Classic Road Trip Songs,"Pop, Rock, Hard Rock","Enjou√©, √ânergique, R√™veur"
spotify,RNB X,"R&B/Soul, Hip-Hop/Rap, Pop","D√©chir√©, Affectueux, Amour De Soi"
spotify,Happy Hits!,"Pop, Dance, Electronic","Festif, Amusant, F√™te"
spotify,Sleep,"New Age, Electronic, Ambient","Calme, M√©ditatif, Relaxation"
spotify,Hit Rewind,"Pop, R&B/Soul, Hip-Hop/Rap","Affectueux, D√©chir√©, F√™te"
spotify,00s Rock Anthems,"Rock, Alternative, Pop","D√©chir√©, En Col√®re, R√©volution"
spotify,√âxitos M√©xico,"Latin, Latin Pop, Pop","D√©chir√©, Affectueux, Urbain"
spotify,mint,"Dance, Electronic, House","√ânergique, Enjou√©, Dansant"
spotify,All Out 70s,"Pop, Rock, R&B/Soul","Romantique, Festif, Dansant"
spotify,K-Pop ON! (Ïò®),"Pop, K-Pop, Dance","Autonomisant, Confiant, Dansant"
spotify,Disney Hits,"Soundtracks, Pop, Children's Music","Festif, Touchant, R√™veur"
spotify,lofi beats,"Hip-Hop/Rap, Electronic, Instrumental","Calme, Apaisant, R√™veur"
spotify,Have a Great Day!,"Pop, Rock, R&B/Soul","Festif, Amusant, R√™veur"
spotify,"Dance Fruits Music - dance music to workout, game & party to","Dance, Electronic, Pop","√ânergique, Amusant, Dansant"
spotify,Hot Hits Philippines,"Pop, R&B/Soul, Hip-Hop/Rap","Affectueux, Romantique, Amour De Soi"
spotify,Workout,"Pop, Dance, Electronic","Festif, Autonomisant, Dansant"
spotify,I Love My '00s R&B,"R&B/Soul, Pop, Hip-Hop/Rap","Affectueux, Romantique, Urbain"
spotify,Deep Focus,"New Age, Electronic, Ambient","Abstrait, Calme, Dansant"
